<?xml version="1.0"?>
<!DOCTYPE hibernate-mapping PUBLIC "-//Hibernate/Hibernate Mapping DTD 3.0//EN"
"http://hibernate.sourceforge.net/hibernate-mapping-3.0.dtd">
<!-- Generated 21-ene-2019 18:40:17 by Hibernate Tools 3.5.0.Final -->
<hibernate-mapping>
    <class name="ejHibernate.empresa" table="EMPRESA">
        <id name="CIF" type="int">
            <column name="CIF" />
            <generator class="assigned" />
        </id>
        <property name="nombre" type="java.lang.String">
            <column name="NOMBRE" />
        </property>
        <property name="empleados" type="int">
            <column name="EMPLEADOS" />
        </property>
        <property name="direccion" type="java.lang.String">
            <column name="DIRECCION" />
        </property>
    </class>
</hibernate-mapping>
